Sobrenome		Nome	Nascimento	Casamento	imagem	Tel. Residencial	Tel. Celular	Tel. Comercial	Profissão	E-mail	Endereço	Sobrenome		Nome	Nascimento	Casamento	imagem	Tel. Residencial	Tel. Celular	Tel. Comercial	Profissão	E-mail	Endereço	Sobrenome		Nome	Nascimento	Casamento	imagem	Tel. Residencial	Tel. Celular	Tel. Comercial	Profissão	E-mail	Endereço	Sobrenome		Nome	Nascimento	Casamento	imagem	Tel. Residencial	Tel. Celular	Tel. Comercial	Profissão	E-mail	Endereço	Sobrenome		Nome	Nascimento	Casamento	imagem	Tel. Residencial	Tel. Celular	Tel. Comercial	Profissão	E-mail	Endereço	Sobrenome		Nome	Nascimento	Casamento	imagem	Tel. Residencial	Tel. Celular	Tel. Comercial	Profissão	E-mail	Endereço
ALBUQUERQUE		Edson Paes da Gama Albuquerque	15/04/91				95437-5283		Comerciante	ed_maga_paes@hotmail.com	Av. General Mac Arthur,91, Jaguaré, CEP: 05338-000 , São Paulo - SP			e as irmãs?										
ALMEIDA		Joana Angélica G. de	12/11/76		joana.jpg	2528-0038	99314-2501			joanaagalmeida@gmail.com	Rua Augusta,508 - Apto 03, CEP:01304-000 - São Paulo - SP	
AMORIM	p	Erinaldo Cassemiro	25/03/63	05/12/86		5672-9406			Pintor de auto		Rua das Espadas, 797, Balneário São Francisco, CEP: 04473-010 – S. Paulo – SP		m	Márcia R. Ferreira Amorim	17/11/67				97632-7106		Esteticista, Massoterapeuta, Cozinheira					Gustavo Henrique Ferreira de	19/09/95				94718-5900		Taxista			
AMORIM	p	Matheus Bruno Ferreira de Amorim	14/03/88				98884-0302		Engenheiro mecânico		Rua das Espadas, 784 , Balneário São Francisco, CEP: 04473-010 – S. Paulo – SP		m	Geany Alves de Almeida	04/12/87				99284-7727		Adminstração					(Arthur) Alves Amorim	22/06/14									
AMORIM	p	Mike Eric Ferreira de Amorim	09/09/91				94764-2713		Taxista		Rua das Espadas, 797, Casa 2 , Balneário São Francisco, CEP: 04473-010 – S. Paulo – SP		m	(Caroline) Cerigatho							Fisioterapeuta					(Bernardo) Cerigatho de Amorim	27/03/15									
ANDRADE	p	Marcos Antonio Marques dos Santos	30/07/72	17/01/98	marcosMarli.jpg	2228-2638	9-8109-3448		Porteiro	marcos_amssantos@hotmail.com	Rua da Independência,445 - Apto 33 - BL 06 - Vila Andrade, CEP: 05664-015 - São Paulo - SP		m	Marli Andrade Marques	30/05/68				9-8455-2531		Diarista	marliandrade633@gmail.com				Ana Carolina Andrade dos Santos	14/07/99				9-4977-3892			aninha_carolina09@hotmail.com				Eduardo Andrade dos santos	21/10/02				9-8798-5850			edu_andrade2002@hotmail.com		
ANDRADE	p	José Assis Santos Andrade	04/09/72	07/07/07		4113-5896	98297-0449	2667-0031	Pedagogo	assiis@gmail.com	Av das Belezas, 614, Vila Plana, CEP: 05731-250 - São Paulo - SP		m	Marilza Santos Andrade	10/03/74				99809-2130		Estilista	marilzza@gmail.com				Esther Santos Andrade	29/11/11											Katarina Santos Andrade	07/08/14									
ARAÚJO	p	José Alberto de Araújo	14/12/47	09/05/70	araujo.jpg	3774-7066					Rua Joana Castellan, 133, Vila Campo Grande, CEP: 04455-210 – S. Paulo – SP		m	Izabel Idalina de  Araújo	25/01/51							izabel.arj@hotmail.com		
ARINO		José Arino	09/09/63		arino.jpg	3891-0291	98726-7300	3071-0950	Comerciante		Av. São Gabriel, 626 - Apto 81, CEP:01435-000 - São Paulo - SP			(Pedro Akira)	17/06/98											(Maria Luiza Saty)	01/11/02									
ATAMANCZUK		Ana Lopes Atamanczuk	08/08/53		atamanczuk.jpg	5821-6531	99142-9514				Rua Gingadinho,16 - Passagem H, Cohab São Bento Novo, CEP:05886-410 - São Paulo - SP	
BALDI (confirmar com Assis)		ERIKA BALDI	26/06/93		erika.jpg	5892-5974	94731-4414	5543-1433	Auxiliar financeiro	erikabaldicarriel@gmail.com	Rua Virginia Torrezim Forte,139 - Bloco 03 - Apto 04 - CEP: 04910-070 - São Paulo - SP			LUCAS HENRIQUE BALDI	13/10/09											LUAN HENRIQUE BALDI	13/10/09									
BARBOSA		Maria do Carmo 	29/10/26			4701-1795	97297-1627				R. Helena Moraes de Oliveira,320 - Bloco 27 , Apto 16 , CEP: 06767-390 - Taboão da Serra - SP	
BASSI		Dorisvile de Moura	01/11/15		doris.jpg		99776-6122	5538-8968		dorisvile@yahoo.com.br	Rua das Lobélias, 380, apto 84-A, Vila Bela, SP - CEP: 03201-080 – S. Paulo – SP	
BENDE		Marisa Funcia	16/12/15				98446-4922		Autônoma	marisabende@hotmail.com	R. Miguel Sutil, 82, Brooklin,CEP: 04583-050 – S. Paulo – SP			Bárbara Funcia	11/03/15				98746-8598					
BONANNO		Vera Lúcia Nunes	18/05/50			3862-4043	99511-0988				Av. Pompéia, 249 ap. 14-A, Vl. Pompéia, CEP: 05023-000 – S. Paulo – SP			(Luis Carlos) Nunes	21/08/78				99646-4999			bonanno@estadao.com.br		
BRANDÃO	p	Luiz Thadeu 	19/11/49	02/02/80		4169-8980	99999-4848		Aposentado	lthadeu@uol.com.br	Rua das Cerejeiras, 155, Terras do Madeira, Fazendinha, CEP: 06352-090 – Carapicuiba – SP		m	Lídia Stella G.	08/11/56				99609-2573		Professora de inglês	lisbra2@hotmail.com				Letícia Stella G.	06/01/84				99996-9066		Dermatologista	leticiabrandao@hotmail.com				Lana Marcela G.	23/01/86						Psicóloga	lanabrandao@hotmail.com		
BRITO	p	Alex	25/09/78	27/09/03		5081-2835	96449-8236		distribuidor herbalife	alexbritonet@gmail.com	Rua Dona Antônia de Queiros, 183, apto 1008, Consolação – S. Paulo – SP		m	Márcia Oliveira de	29/08/76						secretaria executiva	mso_adv@hotmail.com				Sophia	08/12/12											Filipe	20/02/15									
BRITO	p	(Erivaldo) Dantas de Brito	14/06/76	07/11/99		4787-3534	98716-3743		Técnico eletrônico	erivaldo.edb@hotmail.com	Rua São José, 865, Parque Monte Alegre, CEP: 06756-070 – Taboão da Serra - SP		m	Eslândia  Andrade do Nascimento (Lili)	04/11/75				98691-3995	3721-5276	Doméstica	lilli_lia@outlook.com				Davi Andrade Brito	27/02/06											Levi Andrade Brito	16/08/14									
CAFFARO		Dirce Nunes	05/09/36	06/09/58		3862-6537	97282-7642				R. Duílio, 199 ap. 82-A, Água Branca, CEP: 05043-020 – S. Paulo – SP	
CAMPOS	p	Paulo Cesar de	03/11/62	12/02/00	paulo.jpg	3539-3837	96822-6412	2127-9466	analista de sistemas	pditosp2006@gmail.com	Rua Plínio Colas, 574, apto 111-C, Mandaquí, CEP: 02435-030 – S. Paulo – SP		m	Maria Imaculada de	01/05/55				98936-6660	4313-8159	contadora	mariacampos.mc@gmail.com				(Vitor)	25/03/13									
CAMPOS	p	Gentil Pereira de	09/10/41	12/05/73	gentil.jpg	5511-2618	96025-5250			gentilcampos@hotmail.com	"Rua Lira Cearense, 96, casa 20, Jardim Santa Efigênia, Morumbi Sul; 05763-902 – S. Paulo – SP"		m	Darci Jose da Cruz	29/07/49				96115-5250			darciccampos@gmail.com		
CÂNDIDO		Maria do Carmo Cândido (LIA)	28/10/15			5931-8303		5052-8271	Recepcionista	mdo.candido@bol.com.br	Rua Manoel Nóbrega de Albuquerque,12 , CEP: 04890-100, São Paulo - SP			Helenice Maia Cândido	05/06/15				99998-6678			helenice-candido@bol.com.br		
CARDOSO		Ana Virgínia R. Pereira	27/02/58		anaVirginia.jpg	5506-5455	986716621		domestica		Rua Ferreiropolis, 7, bloco 3, apt 14			Rafael												Ellen Cristiane Serafim										
CARNEIRO		Maria Helena	18/12/49			3079-3380	99713-4562				R. Pedroso Alvarenga,217, apto 81, Itaim Bibi, CEP: 04531-010 , São Paulo - SP	
CARVALHO	p	(Gelder) Hirano de	11/04/86	17/10/13	gelder.jpg	3582-4229	97316-2230		analista de sistemas	gelderhc@gmail.com	Av. Pe. Arlindo Vieira, 490, apto 102, Vila Vermelha, CEP: 04297-000 – S. Paulo – SP		m	Maira Licor Brussolo de	29/01/82				98207-4847		assistente financeiro	maira.brussolo@gmail.com				Helena Licor	03/05/46			3467-6130	96801-1334		Costureira		R. Bom Pastor, 286 – Ipiranga – CEP: 04203-100 – S. Paulo – SP	
CARVALHO	p	Marcelo Augusto M. de	30/09/63	11/09/99	marcelo.jpg	2548-1834	97221-1280			marcecarv3333@gmail.com	Rua Dr. Nogueira Martins, 420, apto 61, Vila da Saúde, CEP: 04143-020 – S. Paulo – SP		m	Cláudia Zerbinatti de	03/08/68				96860-1254			claucarv2015@gmail.com				Ingrid Zerbinatti de	27/12/04									
CARVALHO		Maria Cândida Ribeiro	03/08/15			2092-3505					R. Manoel Bogonha, 5, Ch. Califórnia, CEP: 03406-090 – S. Paulo – SP			Fábio Ribeiro de	03/03/15				97215-3742					
CONCEIÇÃO		Josefa Ana da	10/11/31			3101-6223/5891-8261	99618-7446				Av. Dr. Falcão Filho, 151 ap. 14, Centro, CEP: 01007-010 – S. Paulo – SP	
CORREIA		Lucas Hidemitsu Gomes Correia	24/05/91		lucas.jpg	4169-7116	97584-0053		Advogado	lucas.hidemitsu@gmail.com	R. das Tipuanas, 70, Granja Viana, CEP: 06352-040 – Carapicuiba – SP			Sarah Santana Correia	05/07/98				97740-9570			sarah.correia16@gmail.com		
DANTAS		Denis Rabelo	02/10/87		denis.jpg		98964-9568	3037-6048	Administrador	rabelo.dantas@gmail.com	Av. Jabaquara, 2400 ap. 210, Pl. Paulista, CEP: 04046-400 – S. Paulo – SP	
DE MARCO		Siok Ina Kolar	10/08/58		ina.jpg	4413-1026	97113-2025		psicologa	siok.ina@gmail.com	Rua Magnolia 101, casa 10			Pedro Tjhio Kolar	08/09/84				8628-5132			demarco.pedro@gmail.com	R. Dr. Plínio Barreto, 159 ap. 78, Cerqueira Cesar, CEP: 01313-000 - SP			Marília Tjhio Kolar	04/04/88				8240-3552		administradora	marilia.demarco@gmail.com	R. Dr. Plínio Barreto, 159 ap. 78, Cerqueira Cesar, CEP: 01313-000  - SP	
DE MARCO		Davi Tjhio Kolar	01/03/86				8719-4679		medico	davidemarco@gmail.com				(Regiane)										
DIAS	p	Albino dos Santos Dias	23/01/46	28/11/75		2443-2961	97554-1075				Rua Orlando Biagi Angú, 280, Jd.Macedo, CEP: 07197-090, Guarulhos -  SP		m	Araci de Paula Santos Dias	29/06/50											Emanuel de Paula Santos Dias	26/08/83											Virgínia Matilde de Paula Santos Dias	10/06/76				98654-6301		Tecnóloga em gestão empresarial	vermatilde@hotmail.com		
DIAS		Ana Rita A.	31/03/26		anarita.jpg	4701-3933					R. das Rosas, 29, Pq. Assunção, CEP: 06753-430 , Taboão da Serra - SP	
FERREIRA		Lourdes Rodrigues	07/03/48			3435-4400					R. Ítalo Montemezzi, 1-B, Jd. Ideal, CEP: 04434-290, São Paulo – SP	
FERREIRA		Mônica Rodrigues	03/06/70			5014-7033	94981-8911		Cabelereira		R. Pedro Germi,18, Jd. Sônia, CEP: 04458-140, São Paulo - SP	

FERREIRA	p	Marcelo Rodrigues	03/06/75	24/09/98	marceloSandra.jpg	2368-6010	96454-7996			marcelo.rodrigues1975@hotmail.com	Av Yervant Kissajikian, 610, apto 91, bloco 2 – Vl. Constança – 04657-000 – S. Paulo – SP		m	Sandra Regina Gonçalves	13/07/77				99536-1633		instrumentadora cirurgica	artsardnas@hotmail.com				Kalel	15/03/97											Mikaellen	04/11/00				98728-6008					
FONSECA		Carina Strano Castellan	07/07/83				99436-5282		Dentista	carinacastellan@gmail.com	Rua Jacques Félix, 248, Vila Nova Conceição – CEP: 04509-000 – S. Paulo - SP			Lucas Castellan Ayala Fonseca	20/01/12											Davi Castellan Ayala Fonseca	18/06/13									
FONSECA	p	Ricardo Correa da	28/09/75	28/09/09	karina.jpg	2362-0551	96999-8454			ricardobrasil@hotmail.com	Rua Zike Tuma, 170, casa 55, Jardim Ubirajara, CEP: 04458-000 – S. Paulo - SP		m	Karina Nicolau Samaan da	24/11/76				99194-4466	2112-9930 ou 2112-9901		karinansamaan@gmail.com				Vinicius Ricardo Samaan da	10/03/13											Enzo Ricardo Samaan da	10/03/13									
FORTUNATO		Josefina	08/10/15				95287-2544				R. Manoel da Nóbrega, 2064, Jd. Paulistano, CEP: 04001-006 – S. Paulo – SP	
FRANCA		Francisco Adecimar P.	03/04/80		franca.jpg		98489-0476		sapateiro	fapfranca@hotmail.com		
FRANCO		Mercedes Franco Joaquim	31/12/15		mercedes.jpg	3673-4918					R. Paris, 534, Sumarezinho, CEP: 01257-040 – S. Paulo – SP	
GASPE	p	Maurício Gaspe	07/05/64	18/07/87		2367-0518	99961-0790	5505-2734	Gerente Administrativo	gaspe-refimat@hotmail.com	R. Barão Jaceguai,650, Campo Belo, CEP: 04606-000 - São Paulo - SP		m	Teresa Cristina Glashan Gaspe	18/03/64				99839-1237		Administradora	teresa.gaspe@hotmail.com				Gustavo Glashan Gaspe	12/10/05											Oscar Pirozzi Filho	04/01/44									
GOMES		Christianne Ferreira			christiane.jpg	5573-5966	99638-6260	3017-9777	adminisradora	chris@centralsaudecorretora.com.br	R. Madre Cabrini, 332 ap. 71-B, Vl. Mariana, CEP: 04020-000 – S. Paulo – SP	
GRANZOTTI		Eunice	06/06/53		eunice.jpg	3502-2128	99317-1062		Captadora de imóveis	nicegranzotti@gmail.com	R. Judith Passa d`Esteres, 255 ap. 71-C, Vl. Sônia, CEP: 05625-030 – S. Paulo – SP			(Felipe) Granzotti de Freitas	14/05/90				98707-8768		Analista financeiro	felipegranzotti@aim.com		
GREGÓRIO	p	Carlos Roberto	28/10/63	22/03/86		3692-9144	99753-8190		Técnico mecânico	gregorcr2003@yahoo.com.br	Rua Juan Vicente, 482, ap. 76, Bl. 12, Bandeiras,  CEP: 061600-180, Osasco, SP		m	Maria Auxiliadora da Silva (Dorinha)	22/09/66				99504-9627		Pedagoga	doragregy@gmail.com				Laís da Silva	25/10/89				67 8160-4448		Administradora	laisgregy@gmail.com				Isabela da Silva	09/11/91				99727-0986		Bancária	isabela.gregorio@me.com		
JESUS	p	Rodson de	21/02/63	03/02/90		5924-4440	7850-5711	5668-6665	Técnico eletrônico	rblmonitoramento@uol.com.br	Av. Sen. Teotônio Vilela, 4029, ap. 41 Bl. 3-A, Vl. São José, CEP: 04833-001 – S. Paulo – SP		m	Lígia Maria de Santana	13/03/62				99599-8383		Técnica em secretariado	ligiajesus@bol.com.br		
LEITE		Suely Aikes do Nascimento Pereira	03/12/57	27/12/97		4137-8567	97393-2289	5645-0191	Assistente RH	suely.aikes@bol.com.br	R. São Gabriel, 79 casa 5, Cond. São Gabriel, CEP: 06780-020 – Taboão da Serra – SP	
LUZ	p	Manoel (Mabele)	26/07/73	12/09/98	mabele.jpg	2427-2370	97650-2782		Gerente de marketing	manuelluz@manuelluz.com.br	Av. Terceiro Centenário, 445, Jd Terceiro Centenário,CEP: 12944-650 -  Atibaia - SP		m	Kelly Silva Luz	09/04/71				99691-8874		Atriz	kellyasluz@gmail.com				João Manuel	16/09/08									
MACHADO		Iane Tavares	12/04/97		antonio.jpg	2737-1256	98673-2771		Maquiadora	annytavares31@gmail.com	Rua Anguilhada,94, casa 01, CEP:02956-050, Vila Mirante , São Paulo - SP			Antonio das Graças	30/11/48				96644-9876		Paisagista	mcdipaisagismo@gmail.com		
MASSAMBANI	p	Anderson Daniel Lima	10/04/90	07/03/15			99969-8091		Designer digital	a.massambani@gmail.com	Rua Francisco José da Silva, 352, apto 76, Vl. Andrade, CEP: 05726-100 – S. Paulo – SP		m	Kátia Santos Bertolani	04/10/91				95318-7071		Cozinheira	katiabertolani4@gmail.com		
MASSAMBANI	p	Oswaldo	20/10/86	04/02/11		2729-2334	97130-7469	3232-9316	Analista de sistema	oswaldo.oz@gmail.com	Rua Abdo Ambuba, 314, apto 71, Vl. Andrade, CEP: 05725-030 – S. Paulo – SP		m	Letícia Pereira	04/04/86				98626-0446			leticiafpmassambani@hotmail.com				Talita	03/01/15									
MASSARI	p	Danilo	05/05/82	23/08/15	danilo.jpg	2528-7755	97601-4615	2987-6099	adm de empresas	danilolari@yahoo.com.br	Rua Domingos Mazzeu, 105, apto 144B, Vl. Lageado, CEP: 05343-070, S. Paulo – SP		m	Fernanda Ferreira	14/08/81				98426-8292 / 98542-0082		adm de empresas	fefatima@hotmail.com		
MEDEIROS		Stela Marisa Aida Alliprandino	31/10/46			5842.7037	98283-9230/99127-0558		Professora	stelaalliprandino@gmail Com	R. Jisiti Noda, 85, Campo Limpo, CEP: 05761-270 – S. Paulo – SP	
MELO		Marcos Robson de			marcos.jpg	3225-0704	99114-3407	3017-9777 / 2864-1115	corretor de seguros	mellllo@bol.com.br	R. Marques de Itú, 295 ap. 162, Vl. Buarquer, CEP: 01223-001 – S. Paulo – SP	
MIGUEL		Celso Luiz	02/05/54		celso.jpg	3782-3503	98242-5407	5078-3066	Contador	celso.miguel@confirp.com	R. Antonio Cardoso Pereira, 78, Jd. Maria Augusta, CEP: 05546-140, São Paulo – SP			Maria Cícera Melo	15/09/32									
MOTTA	p	Ciro	16/03/64	02/09/95	ciro.jpg	4811-7150	952793807		Oficial de justiça	cmotta22@gmail.com	Rua Zanela e Alves, 113, Centro, Franco da Rocha, SP		m	Regicélia Meira	19/05/70											Ricardo Meira	23/02/96				983976750							Carolina Meira	10/10/08									
NASCIMENTO	p	Sergio Baptista do	02/12/63	25/04/87	sergioNascimento.jpg	5510-9487	99447-8121	5180-0300/ 5180-0328	Consultor	sergionascimento@uol.com.br	Al. Barão dos Cocais, 328, Cond. Vl. Rica, CEP: 06730-000, Vargem Grande Paulista - SP		m	Sandra Nogueira Rodrigues	03/11/61				99156-9632							Juliana Rodrigues	19/11/89				99413-5002		Professora de História	juliana.rodrigues.nascimento@usp.br		
ORTEGA		Eunice Felicio	19/04/37			5034-7087	99433-1595			vicort@terra.com.br	R. Embaixador Coelho de Almeida,48, Jd. Aeroporto, CEP: 04355-020 , São Paulo - SP	
OLIVEIRA		Isabel Ferreira de	06/01/53		isabel.jpg	5895-8572	99329-6758 – 96131-4994				Av. dos Funcionários Públicos,24,CEP: 04964-140 -  Jd. Vera Cruz, São Paulo - SP	
OLIVEIRA		Maria Bernardo	24/04/31		esmenia.jpg						Av. Heitor Antonio Eiras Garcia, 2460, Butantã, CEP: 05564-000 – S. Paulo – SP			Esmênia Maria de	11/09/57				98907-3388		Baba	esmenia.9@gmail.com		
PALHANOS	p	Joaquim Bueno	29/09/15	10/02/90	joaquim.jpg		99276-9393		enfermeiro		Rua Dr Luis Migliano, 631, apto 34 Bl. 05, Morumbi, CEP: 05711-001 – S. Paulo – SP		m	Iranice da Silva	25/01/15				98436-1142		tec. Enfermagem					Jonas	06/02/15							jonaspalhanos@hotmail.com		
PAULISTA	p	Claudio Sebastião	19/04/69	27/07/92	claudio.jpg	5560-4322	99428-9069		taxista	claudiospaulista@hotmail.com	Rua das Espadas, 793, Balneário S. Francisco, CEP: 04473-010 – S. Paulo – SP		m	Miriam Rodrigues Ferreira	28/02/73				94814-8567							Caíque Rodrigues	06/12/94											Caio Rodrigues	14/06/03											Ana Clara Rodrigues	31/05/05									
PEDROSA		Mirian Raymundo				5825-5296	98483-4239				R. das Japareiras, 60 ap. 24-A, Capão Redondo, CEP: 05868-800 – S. Paulo – SP	

PEREIRA		Irenalva Gonçalves	29/11/70		nalva.jpg	37390051	956485154	37391224	cozinheira	na.g.pereira@hotmail.com	R. Iriri, 1013, Vl. Andrade, CEP: 05664-020 – S. Paulo – SP			Natali Gonçalves Paula	03/12/94				977852423			n_athyjb@hotmail.com		
PEREIRA	p	José Roberto Pereira	26/09/73	09/10/93	beto.jpg	5844-7267	94774-7300	5094-2033	Escrita Fiscal	lupavi@terra.com.br	Rua Manoel Grandini Casquel, 179, Jd. Catanduva, CEP: 05767-460 – S. Paulo – SP		m	Bernadete Maria Lima	13/10/66				99753-1861		Professora	bernadete-i@ig.com.br				Rafael de Lima	19/03/94							rafael_ip1994@icloud.com				Júlia de Lima	15/06/01				97042-4522			julia.limapereira01@gmail.com				Bianca de Lima	26/02/03				98504-6538			bibi.limapereira@hotmail.com		
PEREIRA		Ramios	04/09/36		ramios.jpg	47823061					Rua Planalto, 79, Jd. Sto Eduardo, cep: 06823-500, Embu das Artes - SP	
PESSOA		Kelly	31/08/81			3698-2728	98256-6136		Técnica em banho e tosa		Av. Marechal João Batista Mascarenhas de Moraes,1.868, São Pedro, CEP: 06172-280, Osasco - SP	
PESTANA	p	Paulo José Cesar 	10/02/15	09/09/89	pestana.jpg	4587-7543			Dentista		Rua Albino Puttini,97, CEP: 13209-462 - Vila Guarani, Jundiaí - SP		m	Aurélia Cássia de Castro Telles Cesar Pestana (Nina)	25/09/15				99146-8255		Dentista	aureliapestana@yahoo.com.br				Nilo de Castro Telles Cesar Pestana	06/06/90				98022-9210			nilopestana@gmail.com				Barbara de Castro Telles Cesar Pestana	16/12/96				95712-1527			barbara_castrotellescesar@hotmail.com				Maria Vitória de Castro Telles Cesar Pestana	25/01/10									
POLATO	p	Daniel Felipe	13/08/83	06/12/09		4306-6654	98408-7742			polato.daniel@gmail.com	Rua Quipá, 64, apto 109-C, Jd. Umarizal, CEP: 05756-440 – São Paulo – SP		m	Cristiane Oliveira					98365-5173			cristianepolato@gmail.com				Lara	22/12/14									
POLATO	p	José Antônio	13/06/15	16/08/80			(35)99994-3321		Eletricista	japolato@hotmail.com	Condomínio Fuji II, Chácara 4, Bairro dos Tenentes, Caixa Postal: 229, CEP: 37640-000 – Extrema - MG		m	Áurea Maria	15/04/15						Química	aureapolato@hotmail.com		
RIBEIRO		Jane de Carvalho	04/03/49	29/11/70		5051-1308	97473-3774		Psicóloga	janedecarvalhoribeiro@yahoo.com.br	Al. Jurupis, 586 ap. 81, Moema, CEP: 04088-001 – S. Paulo – SP			Lara de Carvalho	07/02/75				97157-1222		Advogada					Luana de Carvalho	09/07/83	14/06/08			97674-6767		Engenheira civil			
ROCHA	p	Roberto	13/08/45	03/05/80	rocha.jpg	3714-8513	99614-4011		Engenheiro	rcrocha08@gmail.com	Rua Vicente Oropallo, 70, ap. 52, Ed Paolo, Vila São Francisco, CEP: 05351-025 – S. Paulo – SP		m	Aparecida Bottaro da	08/09/54				99516-7366			cibottaro@gmail.com				Daniel Bottaro da	25/03/82				99659-5976		Prof.de Educação Física	daniel.bottaro@hotmail.com				Rafael Bottaro da	01/05/86				99658-6466		Designer Gráfico			
ROCHA	p	Guilherme Bottaro da Rocha	14/09/84	24/11/12	guilherme.jpg		99958-5311		Tecnólogo Oftalmológico	recebeste@gmail.com	Av Mascolte, 1.381, apto 43, Vl. Mascote, CEP: 04363-001 – S. Paulo - SP		m	(Larissa) Silva Reis Neves da Rocha	12/08/85				99619-3847		Tecnólogo Oftalmológico	laneves12@yahoo.com.br		
RODRIGUES	p	Armando Bento de Paulo Rodrigues	05/06/36	05/12/70	armando.jpg	3731-4383	99457-0895				Av. Marechal Fiuza de Castro , 709, Butantã - CEP:05596-000 - São Paulo-SP		m	Miraltina Maximiano Rodrigues (Ivani)	29/12/39											Jonathan Maximiano da Silva	22/02/99				97642-4603							Kauê Maximiano da Silva	12/10/00				7612-8646					
RODRIGUES	p	Delfim José Rodrigues	24/08/30	28/01/61		5510-9487	4158-6014				Al. Barão dos Cocais, 328, Cond. Vl. Rica, CEP: 06730-000, Vargem Grande Paulista - SP		m	Maria Zita Nogueira Rodrigues	08/04/31									
ROMEIRO	p	Márcio Cicero	20/12/83	18/10/14		3599-5642	96711-1175/96877-2161		Contador	mromeiro.contador@gmail.com	Rua Luciano Melli, 1768, CEP: 06240-035, Osasco, SP		m	Priscila de Castro Rodrigues	02/10/87				94176-5364		Contador	pri.crodrigues@gmail.com		
SAMAAN		Rute	02/10/41		rute.jpg	5563-2734	94486-7808	3812-4250	Administradora	dpfinanceiro@uol.com.br	R. Bartolomeu Feio, 66 ap. 42, Brooklin, CEP: 04580-000 – S. Paulo – SP			Cláudia	02/05/67			5542-2873	99855-0126	3101-1341	Engenheira de segurança	csamaan@uol.com.br		
SAMAAN	p	Sérgio Paulo	18/01/49	18/01/74	sergio.jpg	5073-6320	99500-9798		Administrador	sergiosamaan@hotmail.com	Rua Calógero Calia, 633, Vl. St. Estéfano, CEP: 04152-101 – S. Paulo – SP		m	Sandra Maria Nicolau	13/03/48				99810-4500		Instrutora do Senai	nicolausamaan@hotmail.com				Pedro Paulo Nicolau	11/07/85									
SAMAAN	p	Sérgio Paulo Filho	26/06/78	28/06/08		2619-0608	99348-0608		Analista de Sistemas	samaan_filho@hotmail.com	Rua Ibertioga, 52, Vila Sonia, CEP: 05632-105 - SP		m	Caroline M. de Campos	16/09/81				99196-5021			carolinemcsamaan@gmail.com				Cauã de Campos	18/06/10											Caio de Campos	04/04/14									
SAMPAIO		Aparecida Isabel Dias(Cida)	18/11/60		cida.jpg	4244-8563	98652-7366		Diarista	aparecidaisabeldiass@gmail.com	R. Joaçaba, 131, Pq. Fernanda, CEP: 06815-210 – Embú das Artes – SP	
SANTOS	p	Luiz Antonio	18/04/62	09/03/85	luiz.jpg	5669-2121				luiz_antonio@hotmail.com	R. Ferrúcio Dupré, 73, Interlagos, CEP: 04776-180 – S. Paulo – SP		m	Sara Domingues Silva	15/01/66				96948-3272			sara.domingues@yahoo.com.br		
SANTOS	p	Leonardo Santos Barbosa	26/05/74	07/05/95		2339-6339	96917-8950	5851-1634	Vendedor	leocentro@hotmail.com	Rua Almadén,130 - Apto 106 - Ed. Campo Grande - CEP:05717-200 - São Paulo - SP		m	Ellen Pereira Santos	07/07/78				94548-2187		Administradora	ellenps@hotmail.com.br				Tiago Santos Barbosa	04/07/99				98882-8982			tigo12347@gmail.com				Gabriela Santos Barbosa	17/01/03				94514-4690			gabisb@hotmail.com.br		

SANTOS	p	Valdívio Rodrigues dos	07/12/43		valdivio.jpg	37842984					R Anésio João da Silva, 133, apto 34-B, Jd. Educandário, CEP: 05563-080 – S. Paulo – SP		m	Luzia Soares dos	12/08/31				952039239					
SHU	p	Marcos	10/11/50	12/06/80	bwee.jpg	4412-9792	99887-3717		medico		Av Lucas Siqueira Franco, 104, Itaperi, CEP: 1294-170 – Atibaia, SP		m	Bwee Tjhio	17/11/55				99885-0675	4033-3710 – 4414-6020	medica	bwee_shu@hotmail.com		
SHU		Fabiana Tjhio	12/03/88						administradora	fabiana.shu@gmail.com	Rua Padre Leonardo, 536, Ed Inês, apto 52, Nova Piraju	
SHU	p	André Tjhio	13/08/82	19/09/15			99757-5586		medico	andretshu@yahoo.com.br			m	(Márcia) Briet					(12) 99182-2353		psicologa	mabriet@hotmail.com				Arthur										
SILVA	m	Adriana Maria da	23/04/85	23/11/13			94612-9946		Saladeira	amore-nina@hotmail.com	R. Cabeceira Bastos, 22, Jardim Mitsutani, CEP: 05791-040 – S. Paulo – SP		p	Robmario Cândido Freitas	18/12/86				95156-5620							Nycollas Marcos Silva Franck Royo	11/02/08									

SILVA		Agnes Rodrigues da Silva	16/03/82		agnes.jpg		99717-3005		Analista financeira	agnes.rodrigues@hotmail.com	R. Carolina Cardoso de Oliveira,58, casa 04, CEP: 04745-040, São Paulo - SP			Alanis Rodrigues de Oliveira	22/01/04				95789-6230					
SILVA	m	Andrea Maria da Silva	27/06/80	25/05/02	andrea.jpg	4137-2066	96820-2576/95419-7987		Cabelereira	andrea.artes@hotmail.com	R. Manoel Fialho, 202, Pq. Sônia, CEP: 05856-120 – São Paulo – SP		p	Gilberto Alves Silva	22/06/73				96653-1394							Gabriel Alves da Silva	09/10/05											Allan Alves da Silva	13/06/12									
SILVA		Antonia Maria da	02/03/49			5891-8261	99618-7446		Professora	silvaantoniamariad@hotmail.com	Estrada M´Boi Mirim, 820 ap. 22 Bl 2, Jd. Das Flores, CEP: 04905-000 – S. Paulo – SP	
SILVA	p	Luiz da	30/06/48	14/04/84	luizSilva.jpg	5532-0070	99813-5182		Professor de  inglês	luizdasilva@hotmail.com	Rua Palmares, 429, Brooklin Paulista, CEP: 04623-071 – S. Paulo – SP		m	Célia Nadir Ramalho da	25/03/62				99616-1012 ou 99549-9688	5641-1177 R. 7	Perita judicial	ramalho_celia@yahoo.com.br		
SILVA		Nadir Maria Ramalho	19/11/35		nadir.jpg	5031-2218	999080022				Rua Helade, 65, apt 42	
SILVA	p	Lúcio	17/03/62	14/10/89	lucio.jpg	3607-5515	98985-7910		empresario	luc.carlos@bol.com.br	Rua Emiliano Pedro Gonçalves, 103, Cidade das Flores, Osasco - SP, CEP: 06184-000		m	Margarete	16/10/70				99554-2550		professora	margo.jefe@ig.com.br		
SOARES		Ana Lúcia dos Santos	03/12/63	17/04/82	jack.jpg	4786-1736	98108-2830		costureira		R. Eng. Wilson Houch, 46, Jd. Da Glória, CEP: 06763-480 – Taboão da Serra – SP			Jackeline dos Santos	29/11/01				945455929			jackeline.soares2015@gmail.com		
SOUZA	p	Cleber Batista de	17/07/66	28/03/98		2638-1179	99908-3131	2149-8550	Programador	alephcsouza@gmail.com	Rua Sócrates, 335, apto 34, Vl. Sofia, CEP: 04671-070 – S. Paulo – SP		m	Luciana Regina Oliveira de	01/03/73				99888-8902		Advogada	lurosouza@gmail.com				Otávio Henrique de	15/09/02											Ana Beatriz de	01/09/05									
SOUZA	p	Clayton Batista de	16/12/70	17/04/99	tereza.jpg	2640-7188	98237-5839		Securitário	cdsouza@hotmail.com	Rua Professor Guilherme Belfort Sabino, 1524, apto 33, bloco 3, Campininha, CEP: 04678-002 – S. Paulo - SP		m	Tereza dos Santos Soares de	09/06/74				98563-3777		Professora	tereza.ss@hotmail.com				Nicole de	14/03/06											Monique de	30/04/12									
SOUZA	p	Alessandro de	09/05/76	24/09/05	alessandro.jpg	2376-8189	99806-7353	4225-9605	Coordenador de TI	alessandro.info@bol.com.br	Rua Tupi, 322, apto 11, Cerâmica, CEP: 09530-530 – São Caetano do Sul, SP		m	Ana Paula Campos Bottaro de	11/02/83				97385-9025		Farmacêutica	anapaula_bottaro@yahoo.com.br				Maria Emília	04/05/09									
STEIL		Luiza Maria	23/02/53		luiza.jpg	3842-7710	99777-6493	30799393 – 3168-7246	secretaria	luizasteil@gmail.com	Av. Hélio Pellegrino, 568, Vl. Nova Conceição, CEP: 04513-100 – S. Paulo – SP	
TENÓRIO	p	Ulisses Tenório Neto	25/11/65	30/03/13	ulisses.jpg	5841-4594	96259-9936		Analista de seguros	ulissestenorio@ig.com.br	Rua Salvador José da Silva, 45 - Campo Limpo - CEP:05762-240 - São Paulo - SP		m	Silvana Aparecida do Nascimento Tenório	18/07/66				96217-5352	5843-5504	Auxiliar Financeira	silvanapnascimento@ig.com.br				Gustavo do Nascimento Tenório	08/04/00				96239-5227							Pedro Aikes do Nascimento Tenório	02/11/09									



TEODORO	p	Leandro Teodoro	20/07/80	24/10/09			94955-7090	3141-1444	Analista de sistema	teodoroebernal@gmail.com	Rua Rio Paraíba, 172, Santo Antonio 2, CEP: 13232-121 - Campo Limpo Paulista -SP		m	Karime Bernal Teodoro	27/06/82				97723-5105		Designer de moda	kabb_10@msn.com				Davi Bernal Teodoro	05/05/10											Melissa Bernal Teodoro	28/05/13									
VIEIRA	m	Rafael Vieira	30/01/86	15/12/12		4301-0580	97550-2833	3078-1118	Arte finalista	rayfeus@gmail.com	Estrada dos Mirandas, 210, bloco 50, apto 62, CEP: 05752-001, Campo Limpo, SãoPaulo - SP		p	Carolina Carlim Vieira	31/07/88				99599-9132		Administração	carolcarlim@gmail.com				Gustavo										
VIEIRA	p	Edson Luís	02/07/77	11/07/09	edson.jpg	2532-6296	97202-9087		analista de sistemas	edsonlv213@gmail.com	Rua José Benedito Salinas, 100, apto 212-C, Jd Itapeva, CEP: 04674-200		m	Vanessa Cristina de Oliveira	07/11/75				99887-4663		secretaria	vanessacristtina@hotmail.com		
YANO		Mako	17/08/15		mako.jpg		96438-5453				R. Rocha, 490 ap. 82, Bela Vista, CEP: 01330-000 – S. Paulo – SP	
ALVARENGA		Pedro Augusto Barcelos					98783-2885				Av. Gal. Mac Arthur, 81, Jaguaré, CEP: 05338-000 - S. Paulo – SP	
ALVES		Andrea Maria da Silva					96820-2576				R. Manoel Fialho, 202, Pq. Sonia, CEP: 05856-120 – S. Paulo – SP	
BARROS		José Luís de Barros				2957-5921					Rua José Flávio,428 casa 2, Penha, CEP: 03645-000 – S. Paulo – SP			Diego					8428-2640	2185-1155/2185-1185/2185-1139				
Camaredella		Flávio					99890-6208					
CARVALHO		Ricardo (filho de Ma. Candida)				3231-1517	7128-0252				Av. Ipiranga, 200 Bl F, ap. 23, República, CEP: 01046-010 – S. Paulo – SP	
CASTRO	p	Roberto Tadeu Castro		02/12/77	castro.jpg	5181-4666	99654-7744			robertocastromd@hotmail.com	Rua Francisco de Morais, 173, apto 121, CEP: 04714-010 – S. Paulo – SP		m	Maria Lúcia Castellan Castro					96398-5422	2113-2080		luciacastellan@hotmail.com		
COELHO		Maria Iolanda				3258-5895					Av. Ipiranga, 200 Bl. B ap. 114, Centro CEP: 01046-010 – S. Paulo – SP	
EVANGELISTA	p	(Wilson) de Freitas Evangelista		28/11/14			99565-7964			wilsonfreitasevan@hotmail.com	Estrada do Copiuva, 1390, bl 1, apto 157, Vila da Oportunidade, Carapicuíba – SP		m	Kelly Caroline Mascaro Evangelista					98510-2138			kelly.mascaro@hotmail.com		
FERREIRA	p	Nélio Ferreira		18/03/00	sandrinha.jpg		98470-0930			sandrafisiobiolab@yahoo.com.br	Estrada São Francisco, 1668, bloco 3, apto 122, Jd Henriqueta, CEP: 06765-000 – Taboão da Serra -SP		m	Sandra Ferreira												Paula										
GIL		Leandro Fernandes				5042-2685	8165-5211	7271-1773		leandr.eps@hotmail.com	R. Califórnia, 1380, Brooklin, CEP: 04566-060 – S. Paulo – SP	
GOMES		Dirce Natalina Cesar				3846-5230					Av. Hélio Pellegrino, 15, Vl. Nova Conceição, CEP: 04513-100 – S. Paulo – SP			Paloma Cesar										
GONÇALVES	p	(Felipe) Luiz Gonçalves		16/10/10		4558-0868	94953-8512			karinemascaro@hotmail.com	Rua Silvio Zanelato, 51, Parque Pinheiros, Taboão da Serra, SP, CEP: 06767-110 – S. Paulo – SP		m	Karine Mascaro Miguel Gonçalves												Kamilly										
GONZALEZ		Palmira da Conceição				3362-1332/3337-5203					Av. Rio Branco, 775 ap. 22, Campos Elísios, CEP: 01205-000 – S. Paulo – SP	
HORA		Thaís dos Santos					96073-4522				R. Simão Rodrigues Henrique, 74, Pq. Ipê, CEP: 05762-270 – S. Paulo – SP	
MENDONÇA		Jacqueline Zara de				5511-0836					R. José Dias de Santana, 137, Jd. Germânica, CEP: 05849-380 – S. Paulo – SP	
MIGUEL	p	Célio		01/06/85		4138-5541					Rua Silvia Zanelatto, 55, Pq. Pinheiros, CEP: 06767--110 Taboão da Serra, SP		m	Marli Costa Mascaro										
NONAKA		Eliana Vieira				5579.8251	8481-0707				R. França e Pinto, 275 ap. 82, Vl. Mariana, CEP: 04016-031 – S. Paulo – SP	
PARRA	p	Rogério					95490-3570 – 95771-1535			roevanparra@ig.com.br	R. Martinho Lutero, 608, Campo Limpo, CEP: 05785-180 – S. Paulo – SP		m	Vanessa Bernardo					96346-7705			vanbparra@hotmail.com				Mateus Bernardo												Rebeca Bernardo										
PEREIRA	p	Augusto José Filho		08/09/84		4311-3296	99499-6456	3091-4735		apereira@model.iag.usp.br	Rua Francisco Redondo Garcia, 40, City Bussocaba, CEP: 06040-490 – Osasco – SP		m	Marley Faria					99236-6633			amlcgp@netscape.net				Guido Augusto Faria												Priscilla Faria								prisculla.faria.pereira@gmail.com		
POMPEO	p	Ademar		04/07/87		3427-1281					Rua Congo, 96, Jd São Luíz, CEP: 06816-470, Embu das Artes - SP		m	Margarida Pompeo								margaridapompeo@yahoo.com.br		
RIBEIRO		Pedro Nunes					96796-2518				R. João Gaspar, 39, Jd. São Luiz, CEP: 05843-290 – S. Paulo – SP	
ROCHA		Lídia				6585-0882	8122-3479	6957-8362 – R. 238			R. Bela Vista de Minas, 13, S. Miguel Paulista, CEP: 08081-220 – S. Paulo – SP	
SANTOS		Roberto dos				2272-2092	9571-0924	3051-7373		robertdic203@yahoo.com.br	R. 27 de setembro, 7 – Sacomã – CEP: 04235-040 – S. Paulo – SP	
SANTOS	p	Waldy Apparecido dos		29/10/71	waldy.jpg	3476-0310	97157-2473			waldysantos@ig.com.br	Rua Nanuque, 115, bloco A-4, apto 22, Vila Leopoldina, CEP: 05302-030 – S. Paulo – SP		m	Ivone Grechi dos					99610-1573					
SILVA		Leonangela E. da Costa				4203-33546		5814-8805			R. Penha, 67, Jd. Laila, CEP: 06813-150 – Embú – SP			Daniel										
SIMÕES		José Mário Filho										
SOLOMON		Benjamin Opara					98506-2370				R. Frederico Marcicano, 416, Jd. S. Luiz, CEP: 05812-000 – S. Paulo – SP			Benedita										
SOUSA	p	Edison Francisco de Sousa		10/10/09			99373-7235			edison_souza@hotmail.com	Rua Treze de Maio, 1030, apto 12		m	Elisângela P S Sousa					98921-4219			elisangelapesilva@hotmail.com				Rayane												Rafaela												Naomi										
SOUSA	p	Ken Iti de		01/09/90		4701-9787	99789-3997			alefrancklin@bol.com.br	Rua Dr Cristiano de Sousa, 45		m	Alessandra F. De												Jônatas F. Yano de										
SOUZA		Caio Batista de				5631-0673					R. Antonio de Pádua Prado, 52, Campo Grande, CEP: 04678-070– São Paulo – SP	
SOUZA		Vilma Vitor de					9548-5138			vilmavitor@bol.com.br	R. Manoel Caetano de Souza, 287, Jd. Ch. Santa Maria,CEP:        Itapecerica da Serra - SP	
TAKATSU		Lúcia Reiko Konishi				3085-1146					Av. Europa, 722, Jdm. Europa, CEP: 01449-000 – S. Paulo- SP	
USIGNOLO		Palmiro				3362-1332					Av. Rio Branco, 775 ap. 22, Campos Elísios, CEP: 01205-000 – S. Paulo – SP	
VADALA		Walter Rodrigues				4771-8747	95945-1207				Estr. S. Francisco, 168 ap. 124, Pq. Taboão, CEP: 06765-000 – Taboão da Serra – SP	
XAVIER		Juciano José				3442-7903					Al. dos Tupinás, 126 c. 20, Planalto Paulista, CEP: 04069-000 – S. Paulo – SP	
JORGE		JORGE			jorge.jpg							
SANTOS		DÉBORA VIVIANE DE OLIVEIRA SANTOS	26/06/1989		debora.jpg	2774-2525	97690-1641	3123-8555			R. ADOLFO GORDO, 100 – APTO. 96 - Campos Elísios - S. Paulo - SP	
